bid,cid,loader
62,1,default
62,2,default
23,1,default
7,1,default
10,1,default
5,1,default
4,1,default
20,1,default
20,2,default
41,1,default
41,2,default
41,3,default
13,1,default
56,1,default
30,1,default
30,2,default
27,1,default
28,1,default
36,1,default
36,2,default
55,1,default
14,1,default
12,1,default
12,2,default
31,1,default
19,1,default
19,2,default
19,3,default
19,4,default
32,1,default
47,1,default
47,2,default
48,1,default
18,1,default
34,1,default
53,1,default
53,2,default
53,3,default
3,1,default
3,2,default
46,1,default
15,1,default
65,1,default
65,2,default
65,3,default
42,1,default
63,1,default
35,1,default
1,1,default
37,1,default
22,1,default
50,1,default
50,2,default
60,1,default
60,2,default
64,1,default
8,1,default
